[
  {
    "description": "",
    "elements": [
      {
        "description": "",
        "id": "pruebas;pruebas",
        "keyword": "Scenario",
        "line": 3,
        "name": "Pruebas",
        "steps": [
          {
            "keyword": "Before",
            "hidden": true,
            "result": {
              "status": "passed",
              "duration": 113254100
            }
          },
          {
            "arguments": [],
            "keyword": "When ",
            "line": 4,
            "name": "se ingresa a la pagina principal",
            "match": {
              "location": "src\\steps\\main\\Main.ts:6"
            },
            "result": {
              "status": "passed",
              "duration": 10648844199
            }
          },
          {
            "arguments": [],
            "keyword": "Then ",
            "line": 5,
            "name": "se dirigue al inicio de sesion",
            "match": {
              "location": "src\\steps\\main\\Main.ts:11"
            },
            "result": {
              "status": "passed",
              "duration": 114418100
            }
          },
          {
            "arguments": [],
            "keyword": "When ",
            "line": 6,
            "name": "ingresa las credenciales de login",
            "match": {
              "location": "src\\steps\\login\\Login.ts:4"
            },
            "result": {
              "status": "passed",
              "duration": 11623996199
            }
          },
          {
            "keyword": "After",
            "hidden": true,
            "result": {
              "status": "passed",
              "duration": 10596300
            },
            "embeddings": [
              {
                "data": "Status: PASSED. Duration:0s",
                "mime_type": "text/plain"
              }
            ]
          }
        ],
        "tags": [],
        "type": "scenario"
      }
    ],
    "id": "pruebas",
    "line": 1,
    "keyword": "Feature",
    "name": "Pruebas",
    "tags": [],
    "uri": "features\\registerOpenCart.feature"
  }
]